career,skills,interest
Software Developer,Python;Java;SQL,Technology
Data Scientist,Python;ML;Statistics,Data
Web Developer,HTML;CSS;JavaScript,Design
Cyber Security Analyst,Networking;Linux;Security,Security
Backend Developer,Node.js;Express;MongoDB,Web
Frontend Developer,React;JavaScript;CSS,UI
Full Stack Developer,HTML;CSS;JS;Node.js,Web Apps
ML Engineer,Python;TensorFlow;ML,AI
Cloud Engineer,AWS;Linux;DevOps,Cloud
DevOps Engineer,Docker;Kubernetes;CI/CD,Automation
Software Developer,Python;Java;SQL,Technology
Data Scientist,Python;ML;Statistics,Data
Web Developer,HTML;CSS;JavaScript,Design
Cyber Security Analyst,Networking;Linux;Security,Security
Backend Developer,Node.js;Express;MongoDB,Web
Frontend Developer,React;JavaScript;CSS,UI
Full Stack Developer,HTML;CSS;JS;Node.js,Web Apps
ML Engineer,Python;TensorFlow;ML,AI
Cloud Engineer,AWS;Linux;DevOps,Cloud
DevOps Engineer,Docker;Kubernetes;CI/CD,Automation
Software Developer,Python;Java;SQL,Technology
Data Scientist,Python;ML;Statistics,Data
Web Developer,HTML;CSS;JavaScript,Design
Cyber Security Analyst,Networking;Linux;Security,Security
Backend Developer,Node.js;Express;MongoDB,Web
Frontend Developer,React;JavaScript;CSS,UI
Full Stack Developer,HTML;CSS;JS;Node.js,Web Apps
ML Engineer,Python;TensorFlow;ML,AI
Cloud Engineer,AWS;Linux;DevOps,Cloud
DevOps Engineer,Docker;Kubernetes;CI/CD,Automation
Software Developer,Python;Java;SQL,Technology
Data Scientist,Python;ML;Statistics,Data
Web Developer,HTML;CSS;JavaScript,Design
Cyber Security Analyst,Networking;Linux;Security,Security
Backend Developer,Node.js;Express;MongoDB,Web
Frontend Developer,React;JavaScript;CSS,UI
Full Stack Developer,HTML;CSS;JS;Node.js,Web Apps
ML Engineer,Python;TensorFlow;ML,AI
Cloud Engineer,AWS;Linux;DevOps,Cloud
DevOps Engineer,Docker;Kubernetes;CI/CD,Automation
Software Developer,Python;Java;SQL,Technology
Data Scientist,Python;ML;Statistics,Data
Web Developer,HTML;CSS;JavaScript,Design
Cyber Security Analyst,Networking;Linux;Security,Security
Backend Developer,Node.js;Express;MongoDB,Web
Frontend Developer,React;JavaScript;CSS,UI
Full Stack Developer,HTML;CSS;JS;Node.js,Web Apps
ML Engineer,Python;TensorFlow;ML,AI
Cloud Engineer,AWS;Linux;DevOps,Cloud
DevOps Engineer,Docker;Kubernetes;CI/CD,Automation
Software Developer,Python;Java;SQL,Technology
Data Scientist,Python;ML;Statistics,Data
Web Developer,HTML;CSS;JavaScript,Design
Cyber Security Analyst,Networking;Linux;Security,Security
Backend Developer,Node.js;Express;MongoDB,Web
Frontend Developer,React;JavaScript;CSS,UI
Full Stack Developer,HTML;CSS;JS;Node.js,Web Apps
ML Engineer,Python;TensorFlow;ML,AI
Cloud Engineer,AWS;Linux;DevOps,Cloud
DevOps Engineer,Docker;Kubernetes;CI/CD,Automation
Software Developer,Python;Java;SQL,Technology
Data Scientist,Python;ML;Statistics,Data
Web Developer,HTML;CSS;JavaScript,Design
Cyber Security Analyst,Networking;Linux;Security,Security
Backend Developer,Node.js;Express;MongoDB,Web
Frontend Developer,React;JavaScript;CSS,UI
Full Stack Developer,HTML;CSS;JS;Node.js,Web Apps
ML Engineer,Python;TensorFlow;ML,AI
Cloud Engineer,AWS;Linux;DevOps,Cloud
DevOps Engineer,Docker;Kubernetes;CI/CD,Automation
Software Developer,Python;Java;SQL,Technology
Data Scientist,Python;ML;Statistics,Data
Web Developer,HTML;CSS;JavaScript,Design
Cyber Security Analyst,Networking;Linux;Security,Security
Backend Developer,Node.js;Express;MongoDB,Web
Frontend Developer,React;JavaScript;CSS,UI
Full Stack Developer,HTML;CSS;JS;Node.js,Web Apps
ML Engineer,Python;TensorFlow;ML,AI
Cloud Engineer,AWS;Linux;DevOps,Cloud
DevOps Engineer,Docker;Kubernetes;CI/CD,Automation
Software Developer,Python;Java;SQL,Technology
Data Scientist,Python;ML;Statistics,Data
Web Developer,HTML;CSS;JavaScript,Design
Cyber Security Analyst,Networking;Linux;Security,Security
Backend Developer,Node.js;Express;MongoDB,Web
Frontend Developer,React;JavaScript;CSS,UI
Full Stack Developer,HTML;CSS;JS;Node.js,Web Apps
ML Engineer,Python;TensorFlow;ML,AI
Cloud Engineer,AWS;Linux;DevOps,Cloud
DevOps Engineer,Docker;Kubernetes;CI/CD,Automation
Software Developer,Python;Java;SQL,Technology
Data Scientist,Python;ML;Statistics,Data
Web Developer,HTML;CSS;JavaScript,Design
Cyber Security Analyst,Networking;Linux;Security,Security
Backend Developer,Node.js;Express;MongoDB,Web
Frontend Developer,React;JavaScript;CSS,UI
Full Stack Developer,HTML;CSS;JS;Node.js,Web Apps
ML Engineer,Python;TensorFlow;ML,AI
Cloud Engineer,AWS;Linux;DevOps,Cloud
DevOps Engineer,Docker;Kubernetes;CI/CD,Automation
Software Developer,Python;Java;SQL,Technology
Data Scientist,Python;ML;Statistics,Data
Web Developer,HTML;CSS;JavaScript,Design
Cyber Security Analyst,Networking;Linux;Security,Security
Backend Developer,Node.js;Express;MongoDB,Web
Frontend Developer,React;JavaScript;CSS,UI
Full Stack Developer,HTML;CSS;JS;Node.js,Web Apps
ML Engineer,Python;TensorFlow;ML,AI
Cloud Engineer,AWS;Linux;DevOps,Cloud
DevOps Engineer,Docker;Kubernetes;CI/CD,Automation
Software Developer,Python;Java;SQL,Technology
Data Scientist,Python;ML;Statistics,Data
Web Developer,HTML;CSS;JavaScript,Design
Cyber Security Analyst,Networking;Linux;Security,Security
Backend Developer,Node.js;Express;MongoDB,Web
Frontend Developer,React;JavaScript;CSS,UI
Full Stack Developer,HTML;CSS;JS;Node.js,Web Apps
ML Engineer,Python;TensorFlow;ML,AI
Cloud Engineer,AWS;Linux;DevOps,Cloud
DevOps Engineer,Docker;Kubernetes;CI/CD,Automation
Software Developer,Python;Java;SQL,Technology
Data Scientist,Python;ML;Statistics,Data
Web Developer,HTML;CSS;JavaScript,Design
Cyber Security Analyst,Networking;Linux;Security,Security
Backend Developer,Node.js;Express;MongoDB,Web
Frontend Developer,React;JavaScript;CSS,UI
Full Stack Developer,HTML;CSS;JS;Node.js,Web Apps
ML Engineer,Python;TensorFlow;ML,AI
Cloud Engineer,AWS;Linux;DevOps,Cloud
DevOps Engineer,Docker;Kubernetes;CI/CD,Automation
Software Developer,Python;Java;SQL,Technology
Data Scientist,Python;ML;Statistics,Data
Web Developer,HTML;CSS;JavaScript,Design
Cyber Security Analyst,Networking;Linux;Security,Security
Backend Developer,Node.js;Express;MongoDB,Web
Frontend Developer,React;JavaScript;CSS,UI
Full Stack Developer,HTML;CSS;JS;Node.js,Web Apps
ML Engineer,Python;TensorFlow;ML,AI
Cloud Engineer,AWS;Linux;DevOps,Cloud
DevOps Engineer,Docker;Kubernetes;CI/CD,Automation
Software Developer,Python;Java;SQL,Technology
Data Scientist,Python;ML;Statistics,Data
Web Developer,HTML;CSS;JavaScript,Design
Cyber Security Analyst,Networking;Linux;Security,Security
Backend Developer,Node.js;Express;MongoDB,Web
Frontend Developer,React;JavaScript;CSS,UI
Full Stack Developer,HTML;CSS;JS;Node.js,Web Apps
ML Engineer,Python;TensorFlow;ML,AI
Cloud Engineer,AWS;Linux;DevOps,Cloud
DevOps Engineer,Docker;Kubernetes;CI/CD,Automation
Software Developer,Python;Java;SQL,Technology
Data Scientist,Python;ML;Statistics,Data
Web Developer,HTML;CSS;JavaScript,Design
Cyber Security Analyst,Networking;Linux;Security,Security
Backend Developer,Node.js;Express;MongoDB,Web
Frontend Developer,React;JavaScript;CSS,UI
Full Stack Developer,HTML;CSS;JS;Node.js,Web Apps
ML Engineer,Python;TensorFlow;ML,AI
Cloud Engineer,AWS;Linux;DevOps,Cloud
DevOps Engineer,Docker;Kubernetes;CI/CD,Automation
Software Developer,Python;Java;SQL,Technology
Data Scientist,Python;ML;Statistics,Data
Web Developer,HTML;CSS;JavaScript,Design
Cyber Security Analyst,Networking;Linux;Security,Security
Backend Developer,Node.js;Express;MongoDB,Web
Frontend Developer,React;JavaScript;CSS,UI
Full Stack Developer,HTML;CSS;JS;Node.js,Web Apps
ML Engineer,Python;TensorFlow;ML,AI
Cloud Engineer,AWS;Linux;DevOps,Cloud
DevOps Engineer,Docker;Kubernetes;CI/CD,Automation
Software Developer,Python;Java;SQL,Technology
Data Scientist,Python;ML;Statistics,Data
Web Developer,HTML;CSS;JavaScript,Design
Cyber Security Analyst,Networking;Linux;Security,Security
Backend Developer,Node.js;Express;MongoDB,Web
Frontend Developer,React;JavaScript;CSS,UI
Full Stack Developer,HTML;CSS;JS;Node.js,Web Apps
ML Engineer,Python;TensorFlow;ML,AI
Cloud Engineer,AWS;Linux;DevOps,Cloud
DevOps Engineer,Docker;Kubernetes;CI/CD,Automation
Software Developer,Python;Java;SQL,Technology
Data Scientist,Python;ML;Statistics,Data
Web Developer,HTML;CSS;JavaScript,Design
Cyber Security Analyst,Networking;Linux;Security,Security
Backend Developer,Node.js;Express;MongoDB,Web
Frontend Developer,React;JavaScript;CSS,UI
Full Stack Developer,HTML;CSS;JS;Node.js,Web Apps
ML Engineer,Python;TensorFlow;ML,AI
Cloud Engineer,AWS;Linux;DevOps,Cloud
DevOps Engineer,Docker;Kubernetes;CI/CD,Automation
Software Developer,Python;Java;SQL,Technology
Data Scientist,Python;ML;Statistics,Data
Web Developer,HTML;CSS;JavaScript,Design
Cyber Security Analyst,Networking;Linux;Security,Security
Backend Developer,Node.js;Express;MongoDB,Web
Frontend Developer,React;JavaScript;CSS,UI
Full Stack Developer,HTML;CSS;JS;Node.js,Web Apps
ML Engineer,Python;TensorFlow;ML,AI
Cloud Engineer,AWS;Linux;DevOps,Cloud
DevOps Engineer,Docker;Kubernetes;CI/CD,Automation
Software Developer,Python;Java;SQL,Technology
Data Scientist,Python;ML;Statistics,Data
Web Developer,HTML;CSS;JavaScript,Design
Cyber Security Analyst,Networking;Linux;Security,Security
Backend Developer,Node.js;Express;MongoDB,Web
Frontend Developer,React;JavaScript;CSS,UI
Full Stack Developer,HTML;CSS;JS;Node.js,Web Apps
ML Engineer,Python;TensorFlow;ML,AI
Cloud Engineer,AWS;Linux;DevOps,Cloud
DevOps Engineer,Docker;Kubernetes;CI/CD,Automation
Software Developer,Python;Java;SQL,Technology
Data Scientist,Python;ML;Statistics,Data
Web Developer,HTML;CSS;JavaScript,Design
Cyber Security Analyst,Networking;Linux;Security,Security
Backend Developer,Node.js;Express;MongoDB,Web
Frontend Developer,React;JavaScript;CSS,UI
Full Stack Developer,HTML;CSS;JS;Node.js,Web Apps
ML Engineer,Python;TensorFlow;ML,AI
Cloud Engineer,AWS;Linux;DevOps,Cloud
DevOps Engineer,Docker;Kubernetes;CI/CD,Automation
Software Developer,Python;Java;SQL,Technology
Data Scientist,Python;ML;Statistics,Data
Web Developer,HTML;CSS;JavaScript,Design
Cyber Security Analyst,Networking;Linux;Security,Security
Backend Developer,Node.js;Express;MongoDB,Web
Frontend Developer,React;JavaScript;CSS,UI
Full Stack Developer,HTML;CSS;JS;Node.js,Web Apps
ML Engineer,Python;TensorFlow;ML,AI
Cloud Engineer,AWS;Linux;DevOps,Cloud
DevOps Engineer,Docker;Kubernetes;CI/CD,Automation
Software Developer,Python;Java;SQL,Technology
Data Scientist,Python;ML;Statistics,Data
Web Developer,HTML;CSS;JavaScript,Design
Cyber Security Analyst,Networking;Linux;Security,Security
Backend Developer,Node.js;Express;MongoDB,Web
Frontend Developer,React;JavaScript;CSS,UI
Full Stack Developer,HTML;CSS;JS;Node.js,Web Apps
ML Engineer,Python;TensorFlow;ML,AI
Cloud Engineer,AWS;Linux;DevOps,Cloud
DevOps Engineer,Docker;Kubernetes;CI/CD,Automation
Software Developer,Python;Java;SQL,Technology
Data Scientist,Python;ML;Statistics,Data
Web Developer,HTML;CSS;JavaScript,Design
Cyber Security Analyst,Networking;Linux;Security,Security
Backend Developer,Node.js;Express;MongoDB,Web
Frontend Developer,React;JavaScript;CSS,UI
Full Stack Developer,HTML;CSS;JS;Node.js,Web Apps
ML Engineer,Python;TensorFlow;ML,AI
Cloud Engineer,AWS;Linux;DevOps,Cloud
DevOps Engineer,Docker;Kubernetes;CI/CD,Automation
Software Developer,Python;Java;SQL,Technology
Data Scientist,Python;ML;Statistics,Data
Web Developer,HTML;CSS;JavaScript,Design
Cyber Security Analyst,Networking;Linux;Security,Security
Backend Developer,Node.js;Express;MongoDB,Web
Frontend Developer,React;JavaScript;CSS,UI
Full Stack Developer,HTML;CSS;JS;Node.js,Web Apps
ML Engineer,Python;TensorFlow;ML,AI
Cloud Engineer,AWS;Linux;DevOps,Cloud
DevOps Engineer,Docker;Kubernetes;CI/CD,Automation
Software Developer,Python;Java;SQL,Technology
Data Scientist,Python;ML;Statistics,Data
Web Developer,HTML;CSS;JavaScript,Design
Cyber Security Analyst,Networking;Linux;Security,Security
Backend Developer,Node.js;Express;MongoDB,Web
Frontend Developer,React;JavaScript;CSS,UI
Full Stack Developer,HTML;CSS;JS;Node.js,Web Apps
ML Engineer,Python;TensorFlow;ML,AI
Cloud Engineer,AWS;Linux;DevOps,Cloud
DevOps Engineer,Docker;Kubernetes;CI/CD,Automation
Software Developer,Python;Java;SQL,Technology
Data Scientist,Python;ML;Statistics,Data
Web Developer,HTML;CSS;JavaScript,Design
Cyber Security Analyst,Networking;Linux;Security,Security
Backend Developer,Node.js;Express;MongoDB,Web
Frontend Developer,React;JavaScript;CSS,UI
Full Stack Developer,HTML;CSS;JS;Node.js,Web Apps
ML Engineer,Python;TensorFlow;ML,AI
Cloud Engineer,AWS;Linux;DevOps,Cloud
DevOps Engineer,Docker;Kubernetes;CI/CD,Automation
Software Developer,Python;Java;SQL,Technology
Data Scientist,Python;ML;Statistics,Data
Web Developer,HTML;CSS;JavaScript,Design
Cyber Security Analyst,Networking;Linux;Security,Security
Backend Developer,Node.js;Express;MongoDB,Web
Frontend Developer,React;JavaScript;CSS,UI
Full Stack Developer,HTML;CSS;JS;Node.js,Web Apps
ML Engineer,Python;TensorFlow;ML,AI
Cloud Engineer,AWS;Linux;DevOps,Cloud
DevOps Engineer,Docker;Kubernetes;CI/CD,Automation
Software Developer,Python;Java;SQL,Technology
Data Scientist,Python;ML;Statistics,Data
Web Developer,HTML;CSS;JavaScript,Design
Cyber Security Analyst,Networking;Linux;Security,Security
Backend Developer,Node.js;Express;MongoDB,Web
Frontend Developer,React;JavaScript;CSS,UI
Full Stack Developer,HTML;CSS;JS;Node.js,Web Apps
ML Engineer,Python;TensorFlow;ML,AI
Cloud Engineer,AWS;Linux;DevOps,Cloud
DevOps Engineer,Docker;Kubernetes;CI/CD,Automation
Software Developer,Python;Java;SQL,Technology
Data Scientist,Python;ML;Statistics,Data
Web Developer,HTML;CSS;JavaScript,Design
Cyber Security Analyst,Networking;Linux;Security,Security
Backend Developer,Node.js;Express;MongoDB,Web
Frontend Developer,React;JavaScript;CSS,UI
Full Stack Developer,HTML;CSS;JS;Node.js,Web Apps
ML Engineer,Python;TensorFlow;ML,AI
Cloud Engineer,AWS;Linux;DevOps,Cloud
DevOps Engineer,Docker;Kubernetes;CI/CD,Automation
Software Developer,Python;Java;SQL,Technology
Data Scientist,Python;ML;Statistics,Data
Web Developer,HTML;CSS;JavaScript,Design
Cyber Security Analyst,Networking;Linux;Security,Security
Backend Developer,Node.js;Express;MongoDB,Web
Frontend Developer,React;JavaScript;CSS,UI
Full Stack Developer,HTML;CSS;JS;Node.js,Web Apps
ML Engineer,Python;TensorFlow;ML,AI
Cloud Engineer,AWS;Linux;DevOps,Cloud
DevOps Engineer,Docker;Kubernetes;CI/CD,Automation
Software Developer,Python;Java;SQL,Technology
Data Scientist,Python;ML;Statistics,Data
Web Developer,HTML;CSS;JavaScript,Design
Cyber Security Analyst,Networking;Linux;Security,Security
Backend Developer,Node.js;Express;MongoDB,Web
Frontend Developer,React;JavaScript;CSS,UI
Full Stack Developer,HTML;CSS;JS;Node.js,Web Apps
ML Engineer,Python;TensorFlow;ML,AI
Cloud Engineer,AWS;Linux;DevOps,Cloud
DevOps Engineer,Docker;Kubernetes;CI/CD,Automation
Software Developer,Python;Java;SQL,Technology
Data Scientist,Python;ML;Statistics,Data
Web Developer,HTML;CSS;JavaScript,Design
Cyber Security Analyst,Networking;Linux;Security,Security
Backend Developer,Node.js;Express;MongoDB,Web
Frontend Developer,React;JavaScript;CSS,UI
Full Stack Developer,HTML;CSS;JS;Node.js,Web Apps
ML Engineer,Python;TensorFlow;ML,AI
Cloud Engineer,AWS;Linux;DevOps,Cloud
DevOps Engineer,Docker;Kubernetes;CI/CD,Automation
Software Developer,Python;Java;SQL,Technology
Data Scientist,Python;ML;Statistics,Data
Web Developer,HTML;CSS;JavaScript,Design
Cyber Security Analyst,Networking;Linux;Security,Security
Backend Developer,Node.js;Express;MongoDB,Web
Frontend Developer,React;JavaScript;CSS,UI
Full Stack Developer,HTML;CSS;JS;Node.js,Web Apps
ML Engineer,Python;TensorFlow;ML,AI
Cloud Engineer,AWS;Linux;DevOps,Cloud
DevOps Engineer,Docker;Kubernetes;CI/CD,Automation
Software Developer,Python;Java;SQL,Technology
Data Scientist,Python;ML;Statistics,Data
Web Developer,HTML;CSS;JavaScript,Design
Cyber Security Analyst,Networking;Linux;Security,Security
Backend Developer,Node.js;Express;MongoDB,Web
Frontend Developer,React;JavaScript;CSS,UI
Full Stack Developer,HTML;CSS;JS;Node.js,Web Apps
ML Engineer,Python;TensorFlow;ML,AI
Cloud Engineer,AWS;Linux;DevOps,Cloud
DevOps Engineer,Docker;Kubernetes;CI/CD,Automation
Software Developer,Python;Java;SQL,Technology
Data Scientist,Python;ML;Statistics,Data
Web Developer,HTML;CSS;JavaScript,Design
Cyber Security Analyst,Networking;Linux;Security,Security
Backend Developer,Node.js;Express;MongoDB,Web
Frontend Developer,React;JavaScript;CSS,UI
Full Stack Developer,HTML;CSS;JS;Node.js,Web Apps
ML Engineer,Python;TensorFlow;ML,AI
Cloud Engineer,AWS;Linux;DevOps,Cloud
DevOps Engineer,Docker;Kubernetes;CI/CD,Automation
Software Developer,Python;Java;SQL,Technology
Data Scientist,Python;ML;Statistics,Data
Web Developer,HTML;CSS;JavaScript,Design
Cyber Security Analyst,Networking;Linux;Security,Security
Backend Developer,Node.js;Express;MongoDB,Web
Frontend Developer,React;JavaScript;CSS,UI
Full Stack Developer,HTML;CSS;JS;Node.js,Web Apps
ML Engineer,Python;TensorFlow;ML,AI
Cloud Engineer,AWS;Linux;DevOps,Cloud
DevOps Engineer,Docker;Kubernetes;CI/CD,Automation
Software Developer,Python;Java;SQL,Technology
Data Scientist,Python;ML;Statistics,Data
Web Developer,HTML;CSS;JavaScript,Design
Cyber Security Analyst,Networking;Linux;Security,Security
Backend Developer,Node.js;Express;MongoDB,Web
Frontend Developer,React;JavaScript;CSS,UI
Full Stack Developer,HTML;CSS;JS;Node.js,Web Apps
ML Engineer,Python;TensorFlow;ML,AI
Cloud Engineer,AWS;Linux;DevOps,Cloud
DevOps Engineer,Docker;Kubernetes;CI/CD,Automation
Software Developer,Python;Java;SQL,Technology
Data Scientist,Python;ML;Statistics,Data
Web Developer,HTML;CSS;JavaScript,Design
Cyber Security Analyst,Networking;Linux;Security,Security
Backend Developer,Node.js;Express;MongoDB,Web
Frontend Developer,React;JavaScript;CSS,UI
Full Stack Developer,HTML;CSS;JS;Node.js,Web Apps
ML Engineer,Python;TensorFlow;ML,AI
Cloud Engineer,AWS;Linux;DevOps,Cloud
DevOps Engineer,Docker;Kubernetes;CI/CD,Automation
Software Developer,Python;Java;SQL,Technology
Data Scientist,Python;ML;Statistics,Data
Web Developer,HTML;CSS;JavaScript,Design
Cyber Security Analyst,Networking;Linux;Security,Security
Backend Developer,Node.js;Express;MongoDB,Web
Frontend Developer,React;JavaScript;CSS,UI
Full Stack Developer,HTML;CSS;JS;Node.js,Web Apps
ML Engineer,Python;TensorFlow;ML,AI
Cloud Engineer,AWS;Linux;DevOps,Cloud
DevOps Engineer,Docker;Kubernetes;CI/CD,Automation
Software Developer,Python;Java;SQL,Technology
Data Scientist,Python;ML;Statistics,Data
Web Developer,HTML;CSS;JavaScript,Design
Cyber Security Analyst,Networking;Linux;Security,Security
Backend Developer,Node.js;Express;MongoDB,Web
Frontend Developer,React;JavaScript;CSS,UI
Full Stack Developer,HTML;CSS;JS;Node.js,Web Apps
ML Engineer,Python;TensorFlow;ML,AI
Cloud Engineer,AWS;Linux;DevOps,Cloud
DevOps Engineer,Docker;Kubernetes;CI/CD,Automation
Software Developer,Python;Java;SQL,Technology
Data Scientist,Python;ML;Statistics,Data
Web Developer,HTML;CSS;JavaScript,Design
Cyber Security Analyst,Networking;Linux;Security,Security
Backend Developer,Node.js;Express;MongoDB,Web
Frontend Developer,React;JavaScript;CSS,UI
Full Stack Developer,HTML;CSS;JS;Node.js,Web Apps
ML Engineer,Python;TensorFlow;ML,AI
Cloud Engineer,AWS;Linux;DevOps,Cloud
DevOps Engineer,Docker;Kubernetes;CI/CD,Automation
Software Developer,Python;Java;SQL,Technology
Data Scientist,Python;ML;Statistics,Data
Web Developer,HTML;CSS;JavaScript,Design
Cyber Security Analyst,Networking;Linux;Security,Security
Backend Developer,Node.js;Express;MongoDB,Web
Frontend Developer,React;JavaScript;CSS,UI
Full Stack Developer,HTML;CSS;JS;Node.js,Web Apps
ML Engineer,Python;TensorFlow;ML,AI
Cloud Engineer,AWS;Linux;DevOps,Cloud
DevOps Engineer,Docker;Kubernetes;CI/CD,Automation
Software Developer,Python;Java;SQL,Technology
Data Scientist,Python;ML;Statistics,Data
Web Developer,HTML;CSS;JavaScript,Design
Cyber Security Analyst,Networking;Linux;Security,Security
Backend Developer,Node.js;Express;MongoDB,Web
Frontend Developer,React;JavaScript;CSS,UI
Full Stack Developer,HTML;CSS;JS;Node.js,Web Apps
ML Engineer,Python;TensorFlow;ML,AI
Cloud Engineer,AWS;Linux;DevOps,Cloud
DevOps Engineer,Docker;Kubernetes;CI/CD,Automation
Software Developer,Python;Java;SQL,Technology
Data Scientist,Python;ML;Statistics,Data
Web Developer,HTML;CSS;JavaScript,Design
Cyber Security Analyst,Networking;Linux;Security,Security
Backend Developer,Node.js;Express;MongoDB,Web
Frontend Developer,React;JavaScript;CSS,UI
Full Stack Developer,HTML;CSS;JS;Node.js,Web Apps
ML Engineer,Python;TensorFlow;ML,AI
Cloud Engineer,AWS;Linux;DevOps,Cloud
DevOps Engineer,Docker;Kubernetes;CI/CD,Automation
Software Developer,Python;Java;SQL,Technology
Data Scientist,Python;ML;Statistics,Data
Web Developer,HTML;CSS;JavaScript,Design
Cyber Security Analyst,Networking;Linux;Security,Security
Backend Developer,Node.js;Express;MongoDB,Web
Frontend Developer,React;JavaScript;CSS,UI
Full Stack Developer,HTML;CSS;JS;Node.js,Web Apps
ML Engineer,Python;TensorFlow;ML,AI
Cloud Engineer,AWS;Linux;DevOps,Cloud
DevOps Engineer,Docker;Kubernetes;CI/CD,Automation
Software Developer,Python;Java;SQL,Technology
Data Scientist,Python;ML;Statistics,Data
Web Developer,HTML;CSS;JavaScript,Design
Cyber Security Analyst,Networking;Linux;Security,Security
Backend Developer,Node.js;Express;MongoDB,Web
Frontend Developer,React;JavaScript;CSS,UI
Full Stack Developer,HTML;CSS;JS;Node.js,Web Apps
ML Engineer,Python;TensorFlow;ML,AI
Cloud Engineer,AWS;Linux;DevOps,Cloud
DevOps Engineer,Docker;Kubernetes;CI/CD,Automation
Software Developer,Python;Java;SQL,Technology
Data Scientist,Python;ML;Statistics,Data
Web Developer,HTML;CSS;JavaScript,Design
Cyber Security Analyst,Networking;Linux;Security,Security
Backend Developer,Node.js;Express;MongoDB,Web
Frontend Developer,React;JavaScript;CSS,UI
Full Stack Developer,HTML;CSS;JS;Node.js,Web Apps
ML Engineer,Python;TensorFlow;ML,AI
Cloud Engineer,AWS;Linux;DevOps,Cloud
DevOps Engineer,Docker;Kubernetes;CI/CD,Automation
Software Developer,Python;Java;SQL,Technology
Data Scientist,Python;ML;Statistics,Data
Web Developer,HTML;CSS;JavaScript,Design
Cyber Security Analyst,Networking;Linux;Security,Security
Backend Developer,Node.js;Express;MongoDB,Web
Frontend Developer,React;JavaScript;CSS,UI
Full Stack Developer,HTML;CSS;JS;Node.js,Web Apps
ML Engineer,Python;TensorFlow;ML,AI
Cloud Engineer,AWS;Linux;DevOps,Cloud
DevOps Engineer,Docker;Kubernetes;CI/CD,Automation
